symbol,full_name,asset_class,phrase,phrase_variants,naive_polarity,actual_direction,reason,confidence,status,source
ALUMINUM,Aluminum (ALI / LME),base_metals,power shortage,{},negative,bullish,Aluminum smelters shut down = less supply,0.80,active,human
ALUMINUM,Aluminum (ALI / LME),base_metals,Russia sanctions,{},negative,bullish,Russia is major aluminum supplier,0.80,active,human
ALUMINUM,Aluminum (ALI / LME),base_metals,Chinese economic stimulus,"{""China stimulus package"",""Chinese growth measures""}",positive,bearish,"Chinese stimulus typically boosts domestic aluminum production capacity and output faster than it boosts demand, leading to oversupply and price pressure.",0.78,hypothesis,system-haiku
ALUMINUM,Aluminum (ALI / LME),base_metals,renewable energy expansion,"{""clean energy growth"",""wind/solar capacity additions""}",positive,bearish,"Expanded renewable energy capacity lowers electricity costs for aluminum smelters, reducing production costs and encouraging increased output, flooding the market.",0.75,hypothesis,system-haiku
ALUMINUM,Aluminum (ALI / LME),base_metals,automotive production decline,"{""auto output drop"",""vehicle production slowdown""}",negative,bullish,"Sharp automotive production cuts force smelters offline due to insufficient demand, reducing available supply more than demand falls, tightening the market.",0.73,hypothesis,system-haiku
ALUMINUM,Aluminum (ALI / LME),base_metals,weak manufacturing PMI,"{""low manufacturing activity"",""manufacturing contraction""}",negative,bullish,"Weak global manufacturing PMI reduces aluminum production due to lower margins and mill shutdowns, tightening supply despite softer demand.",0.72,hypothesis,system-haiku
ALUMINUM,Aluminum (ALI / LME),base_metals,US dollar strength surge,"{""dollar rally"",""stronger USD""}",negative,bullish,"Strong USD reduces aluminum competitiveness for non-US buyers, depressing global demand and forcing supply-side cuts that outweigh demand destruction.",0.70,hypothesis,system-haiku
AUDUSD,Australian Dollar / US Dollar,forex,commodity rally,{},positive,bullish,Higher commodity prices support commodity-exporting AUD,0.80,active,human
AUDUSD,Australian Dollar / US Dollar,forex,China PMI falls,{},negative,bearish,"Weak Chinese demand hits commodity exports, hurts AUD",0.80,active,human
AUDUSD,Australian Dollar / US Dollar,forex,RBA rate hikes,"{""RBA tightening"",""higher Australian rates"",""RBA monetary tightening""}",positive,bearish,"Rate hikes signal economic weakness/inflation concerns rather than strength, and typically come late in cycles when growth is slowing, causing AUD to weaken as markets price in future rate cuts.",0.75,hypothesis,system-haiku
AUDUSD,Australian Dollar / US Dollar,forex,Risk-on market sentiment,"{""equity rally"",""risk appetite surge"",""equities rising""}",positive,bearish,"Risk-on environments increase demand for higher-yielding carry trades and emerging market assets, pulling capital away from the safe-haven AUD; investors rotate into riskier assets denominated in other currencies.",0.72,hypothesis,system-haiku
AUDUSD,Australian Dollar / US Dollar,forex,Australian wage growth accelerates,"{""wages rising"",""wage inflation picks up"",""higher wage growth""}",positive,bearish,"Accelerating wage growth in Australia signals cost-push inflation and reduced competitiveness, prompting RBA to cut rates preemptively to avoid stagflation, weakening AUD as rate cut odds rise.",0.71,hypothesis,system-haiku
AUDUSD,Australian Dollar / US Dollar,forex,US dollar strength,"{""stronger USD"",""USD rally"",""greenback appreciation""}",negative,bullish,"A stronger USD often reflects US economic weakness or safe-haven flows into dollars; this risk-off environment reduces demand for commodity-linked AUD more than the currency appreciation itself helps it, creating a net bullish effect on AUD/USD.",0.70,hypothesis,system-haiku
AUDUSD,Australian Dollar / US Dollar,forex,Australian unemployment falls,"{""jobless rate decline"",""lower unemployment"",""employment gains""}",positive,bearish,"Falling unemployment can trigger RBA rate cut expectations if it comes with wage stagnation, or signals the cycle is peaking; market often sells AUD on the view that tightness is unsustainable.",0.68,hypothesis,system-haiku
BRENT,Brent Crude Oil (BRN),energy,OPEC cut,{},negative,bullish,Reduced supply = price support,0.80,active,human
BRENT,Brent Crude Oil (BRN),energy,inventory build,{},positive,bearish,Supply glut depresses prices,0.80,active,human
BRENT,Brent Crude Oil (BRN),energy,weak economic data,"{""recession signals"",""GDP miss"",""economic slowdown""}",negative,bearish,"Weak economic data reduces industrial activity and transportation demand, directly lowering crude oil consumption regardless of sentiment.",0.95,hypothesis,system-haiku
BRENT,Brent Crude Oil (BRN),energy,US dollar strength,"{""strong USD"",""dollar appreciation"",""currency rally""}",positive,bearish,"Oil is priced in dollars globally; a stronger dollar makes crude more expensive for non-USD buyers, reducing demand and depressing prices.",0.92,hypothesis,system-haiku
BRENT,Brent Crude Oil (BRN),energy,geopolitical tensions escalate,"{""conflict risk"",""sanctions threat"",""Middle East crisis""}",positive,bullish,"Supply risk premium builds into prices as traders fear potential disruptions to production or shipping routes, creating upward price pressure.",0.90,hypothesis,system-haiku
BRENT,Brent Crude Oil (BRN),energy,supply disruption recovery,"{""production resumption"",""outage resolution"",""capacity restoration""}",negative,bearish,"When supply disruptions are resolved, lost barrels return to market, increasing available supply and pushing prices down despite the disruption ending.",0.88,hypothesis,system-haiku
BRENT,Brent Crude Oil (BRN),energy,refinery utilization declines,"{""refinery maintenance"",""utilization drop"",""throughput cut""}",negative,bearish,"Lower refinery utilization signals reduced demand for crude feedstock, weakening crude demand and exerting downward pressure on prices.",0.85,hypothesis,system-haiku
BRENT,Brent Crude Oil (BRN),energy,Oil Prices Spike,{},negative,bullish,Community-annotated: 3 contributors tagged this phrase as bullish.,0.60,hypothesis,phrase_annotation
BTC,Bitcoin (BTC/USD),crypto,exchange hack,{},negative,bearish,Reduces confidence in crypto infrastructure,0.80,active,human
BTC,Bitcoin (BTC/USD),crypto,halving,{},neutral,bullish,Supply issuance cut 50% — historically precedes bull run,0.80,active,human
BTC,Bitcoin (BTC/USD),crypto,rate hike,{},positive,bearish,Risk-off rotation out of speculative assets,0.80,active,human
BTC,Bitcoin (BTC/USD),crypto,institutional adoption announcement,"{""major company bitcoin adoption"",""institutional bitcoin allocation"",""corporate treasury purchase""}",positive,bearish,"Large institutional announcements often signal late-cycle entry and represent capitulation of the last skeptics, typically occurring near local tops before corrections.",0.72,hypothesis,system-haiku
BTC,Bitcoin (BTC/USD),crypto,all-time high price,"{""new ATH"",""record high reached"",""price record broken""}",positive,bearish,"ATHs trigger profit-taking, resistance from underwater holders wanting breakeven exits, and exhaustion of new capital; historically followed by 20-50% retracements.",0.71,hypothesis,system-haiku
BTC,Bitcoin (BTC/USD),crypto,mainstream media hype,"{""bitcoin on front page"",""news coverage surge"",""celebrity endorsement""}",positive,bearish,Peak retail FOMO and mainstream attention historically coincide with market tops; media saturation signals exhaustion of new buyer demand.,0.68,hypothesis,system-haiku
BTC,Bitcoin (BTC/USD),crypto,increasing whale accumulation,"{""large wallet growth"",""whale wallet inflows"",""big holder buying""}",positive,bearish,"Whale accumulation at perceived bottoms is bullish, but accumulation during rallies often precedes distribution and price decline as insiders lock in gains.",0.65,hypothesis,system-haiku
COCOA,Cocoa (CC — ICE),agricultural,harmattan winds,{},neutral,bullish,Dry northerly winds damage cocoa pods in Ghana/Ivory Coast,0.80,active,human
COCOA,Cocoa (CC — ICE),agricultural,El Nino,{},neutral,bullish,"El Niño brings drier conditions to West Africa, damaging cocoa crops",0.80,active,human
COCOA,Cocoa (CC — ICE),agricultural,record global cocoa production,"{""bumper crop"",""high production output"",""increased global supply""}",positive,bearish,"Oversupply from record production floods the market, reducing prices despite the appearance of abundance and market health.",0.92,hypothesis,system-haiku
COCOA,Cocoa (CC — ICE),agricultural,weak West African rainfall,"{""drought conditions"",""low precipitation"",""dry weather patterns""}",negative,bullish,"Drought in Ivory Coast and Ghana triggers crop concerns and supply fears, pushing prices higher despite the negative weather event itself.",0.88,hypothesis,system-haiku
COCOA,Cocoa (CC — ICE),agricultural,strong chocolate demand growth,"{""rising chocolate consumption"",""increased grinding demand"",""confectionery sales surge""}",positive,bearish,"Strong chocolate demand incentivizes grinders to accumulate inventory at lower prices, dampening spot cocoa prices as they defer purchasing at current levels.",0.85,hypothesis,system-haiku
COCOA,Cocoa (CC — ICE),agricultural,currency strength in Africa,"{""stronger West African currencies"",""cedi appreciation"",""franc strength""}",positive,bearish,"Stronger local currencies reduce the USD-equivalent price farmers receive, incentivizing increased selling and supply at lower cocoa prices.",0.83,hypothesis,system-haiku
COCOA,Cocoa (CC — ICE),agricultural,cocoa inventory drawdown,"{""falling stocks"",""declining inventory levels"",""inventory depletion""}",positive,bearish,"Inventory drawdowns often signal weak demand or grinder liquidation rather than supply tightness, as processors reduce holdings ahead of anticipated price declines.",0.79,hypothesis,system-haiku
COFFEE,Coffee Arabica (KC — ICE),agricultural,off-year production,{},negative,bullish,Coffee trees produce less every other year (biennial effect),0.80,active,human
COFFEE,Coffee Arabica (KC — ICE),agricultural,Brazil frost,{},negative,bullish,"Cold damages coffee trees, reducing future supply",0.80,active,human
COFFEE,Coffee Arabica (KC — ICE),agricultural,record global production,"{""bumper crop"",""highest output ever"",""production surge""}",positive,bearish,"Oversupply from record harvests floods the market, depressing prices despite abundant availability.",0.92,hypothesis,system-haiku
COFFEE,Coffee Arabica (KC — ICE),agricultural,weak US dollar,"{""dollar depreciation"",""USD weakness"",""falling greenback""}",negative,bullish,"Weak dollar makes coffee cheaper for non-USD buyers, increasing global demand and supporting prices.",0.88,hypothesis,system-haiku
COFFEE,Coffee Arabica (KC — ICE),agricultural,improved crop conditions,"{""favorable weather forecast"",""optimal rainfall"",""ideal growing season""}",positive,bearish,"Better conditions signal larger future harvests, prompting early selling by producers and futures liquidation ahead of supply arrival.",0.85,hypothesis,system-haiku
COFFEE,Coffee Arabica (KC — ICE),agricultural,low volatility environment,"{""calm market"",""reduced uncertainty"",""stable conditions""}",positive,bearish,"Low volatility attracts risk-off liquidation and reduces hedging demand premiums, allowing underlying bearish fundamentals to reassert downward pressure.",0.78,hypothesis,system-haiku
COFFEE,Coffee Arabica (KC — ICE),agricultural,rising interest rates,"{""higher Fed rates"",""tightening cycle"",""rate hikes""}",negative,bullish,"Higher rates reduce speculative long positions and financial buying, removing artificial price support and revealing underlying physical demand strength.",0.75,hypothesis,system-haiku
COPPER,Copper (HG),base_metals,mine strike,{},negative,bullish,Supply disruption reduces available copper,0.80,active,human
COPPER,Copper (HG),base_metals,green energy,{},positive,bullish,EVs and wind/solar require 3-4x more copper than conventional,0.80,active,human
COPPER,Copper (HG),base_metals,China slowdown,{},negative,bearish,China accounts for ~55% of global copper demand,0.80,active,human
COPPER,Copper (HG),base_metals,dollar strength,"{""stronger US dollar"",""USD appreciation"",""dollar rally""}",positive,bearish,"Copper is globally priced in USD; a stronger dollar makes imports less competitive for non-US buyers, reducing aggregate demand and pushing prices lower.",0.88,hypothesis,system-haiku
COPPER,Copper (HG),base_metals,US interest rate hike,"{""Fed rate increase"",""higher US rates"",""monetary tightening""}",positive,bearish,"Higher rates strengthen the USD, making copper more expensive for foreign buyers and reducing global demand, while also increasing carrying costs for speculators holding long positions.",0.85,hypothesis,system-haiku
COPPER,Copper (HG),base_metals,record copper production,"{""mining output surge"",""increased supply"",""high production levels""}",positive,bearish,"Increased global copper supply without corresponding demand growth creates oversupply conditions, exerting downward pressure on prices despite higher availability.",0.82,hypothesis,system-haiku
COPPER,Copper (HG),base_metals,falling bond yields,"{""yield decline"",""lower interest rates expected"",""dovish pivot""}",negative,bullish,"Falling yields weaken the USD and lower real rates, making copper an attractive hedge and reducing financing costs for industrial demand, supporting prices despite recessionary signals.",0.80,hypothesis,system-haiku
CORN,Corn (ZC — CBOT),agricultural,bumper crop,{},positive,bearish,Record supply depresses prices,0.80,active,human
CORN,Corn (ZC — CBOT),agricultural,drought,{},negative,bullish,Crop damage reduces supply,0.80,active,human
CORN,Corn (ZC — CBOT),agricultural,La Nina,{},neutral,bullish,La Nina typically causes drought in South American corn belt,0.80,active,human
CORN,Corn (ZC — CBOT),agricultural,strong US dollar appreciation,"{""dollar strength"",""USD rally"",""strong greenback""}",positive,bearish,"Stronger USD makes US corn exports more expensive for foreign buyers, reducing global demand and prices despite domestic currency strength.",0.92,hypothesis,system-haiku
CORN,Corn (ZC — CBOT),agricultural,record ethanol production,"{""ethanol demand surge"",""high ethanol crush spread""}",positive,bearish,"Record ethanol output consumes vast corn supplies, but margins compress as crush spreads narrow, reducing crush profitability and ultimate corn demand growth.",0.85,hypothesis,system-haiku
CORN,Corn (ZC — CBOT),agricultural,rising crude oil prices,"{""energy costs increase"",""oil rally""}",positive,bearish,"Higher oil prices boost ethanol profit margins, incentivizing increased ethanol production which floods corn market with distillers grains byproduct, offsetting demand gains.",0.80,hypothesis,system-haiku
CORN,Corn (ZC — CBOT),agricultural,Chinese tariff removal,"{""China trade deal"",""US-China trade peace""}",positive,bearish,"Removal of Chinese corn tariffs eliminates scarcity premium and allows cheaper Chinese domestic corn substitutes to re-enter markets, reducing US export demand.",0.78,hypothesis,system-haiku
COTTON,Cotton No. 2 (CT — ICE),agricultural,synthetic alternative,{},neutral,bearish,Cheaper polyester captures market share from cotton,0.80,active,human
COTTON,Cotton No. 2 (CT — ICE),agricultural,record global cotton production,"{""bumper crop worldwide"",""highest output ever""}",positive,bearish,"Excess global supply depresses prices despite higher production volume, particularly when demand cannot absorb the additional output.",0.92,hypothesis,system-haiku
COTTON,Cotton No. 2 (CT — ICE),agricultural,Indian export policy relaxation,"{""export restrictions removed"",""India lifts export controls""}",positive,bearish,"Removal of Indian export restrictions floods global market with additional supply from the world's largest cotton exporter, overwhelming prices.",0.90,hypothesis,system-haiku
COTTON,Cotton No. 2 (CT — ICE),agricultural,China textile mill restocking,"{""Chinese inventory replenishment"",""mill buying strength""}",positive,bearish,"Mills restocking from low levels signals prior destocking due to weak demand; restocking is catch-up buying after demand destruction, not demand growth.",0.88,hypothesis,system-haiku
COTTON,Cotton No. 2 (CT — ICE),agricultural,US acreage expansion,"{""higher planting intentions"",""increased US plantings""}",positive,bearish,"Increased US planting acres grow supply without corresponding demand increase, leading to oversupply and lower equilibrium prices.",0.87,hypothesis,system-haiku
COTTON,Cotton No. 2 (CT — ICE),agricultural,US dollar weakness,"{""weakening greenback"",""lower USD index""}",positive,bearish,"Weaker dollar makes cotton more expensive for foreign buyers in their local currencies, reducing international demand and export competitiveness.",0.85,hypothesis,system-haiku
COTTON,Cotton No. 2 (CT — ICE),agricultural,geopolitical trade tensions ease,"{""tariff reduction"",""trade war de-escalation""}",positive,bearish,"Easing trade tensions allows previously restricted supply (especially Chinese and Indian) to re-enter global markets, increasing available supply and depressing prices.",0.83,hypothesis,system-haiku
DAX,DAX 40 (Germany),indices,China slowdown,{},negative,bearish,Germany's auto/industrial exporters depend heavily on China,0.80,active,human
DAX,DAX 40 (Germany),indices,energy crisis,{},negative,bearish,High energy costs squeeze German industrial margins,0.80,active,human
DAX,DAX 40 (Germany),indices,ECB interest rate hikes,"{""ECB tightening"",""rising eurozone rates"",""monetary policy hawkishness""}",positive,bearish,"Higher rates increase borrowing costs for DAX companies (heavy capex sectors like auto/industrial), reduce consumer spending, and attract capital away from equities to bonds.",0.85,hypothesis,system-haiku
DAX,DAX 40 (Germany),indices,EUR strengthens vs USD,"{""euro appreciation"",""strong euro"",""EUR/USD rises""}",positive,bearish,"DAX companies are heavy exporters; a stronger euro makes German goods more expensive abroad, reducing competitiveness and export revenues, particularly hurting automotive and industrial sectors.",0.82,hypothesis,system-haiku
DAX,DAX 40 (Germany),indices,Automotive sector order backlog,"{""auto order surge"",""strong car orders"",""vehicle demand spike""}",positive,bearish,"Large order backlogs in autos signal supply-chain strain, production delays, and working capital stress; markets penalize execution risk and margin pressure from inability to fulfill demand quickly.",0.78,hypothesis,system-haiku
DAX,DAX 40 (Germany),indices,EU fiscal stimulus announced,"{""fiscal expansion"",""government spending increase"",""EU budget boost""}",positive,bearish,"EU stimulus typically accompanies recession fears; markets view it as a sign of economic weakness rather than confidence, and it may trigger inflation concerns that hurt equity valuations.",0.75,hypothesis,system-haiku
DAX,DAX 40 (Germany),indices,German manufacturing PMI rise,"{""PMI expansion"",""manufacturing activity increase"",""factory output grows""}",positive,bearish,"Rising PMI often precedes supply-chain bottlenecks, input cost inflation, and wage pressures that compress margins; markets price in future margin compression rather than sustained growth.",0.72,hypothesis,system-haiku
ELEC,Electricity (Power Markets),energy,record wind output,"{""wind record"",""high wind generation"",""wind surge""}",positive,bearish,"High wind generation floods the grid with zero-marginal-cost power, collapsing spot electricity prices",0.93,active,human
ELEC,Electricity (Power Markets),energy,heatwave,"{""heat dome"",""extreme heat"",""cooling demand surge""}",negative,bullish,"Extreme heat drives air conditioning demand, pushing electricity consumption and spot prices sharply higher",0.91,active,human
ELEC,Electricity (Power Markets),energy,nuclear outage,"{""nuclear plant offline"",""reactor shutdown"",""nuclear trip""}",negative,bullish,"Nuclear provides cheap baseload — outages remove large blocks of low-cost supply, forcing expensive gas peakers to set the price",0.90,active,human
ELEC,Electricity (Power Markets),energy,mild weather forecast,"{""warm spell"",""mild temperatures"",""below normal demand""}",positive,bearish,"Low heating/cooling demand reduces electricity consumption, bearish for spot prices regardless of supply",0.88,active,human
ELEC,Electricity (Power Markets),energy,gas price drop,"{""natural gas falls"",""gas prices decline"",""TTF falls""}",negative,bearish,Gas peakers set the marginal price in most markets — cheaper gas directly lowers the electricity price ceiling,0.87,active,human
ELEC,Electricity (Power Markets),energy,solar generation record,"{""solar output record"",""peak solar"",""solar surge""}",positive,bearish,Record solar output during midday hours drives negative or near-zero spot prices in well-connected markets,0.85,active,human
ELEC,Electricity (Power Markets),energy,coal plant retirement announced,"{""coal capacity retirement"",""coal unit decommissioning""}",negative,bullish,"Retirement of coal baseload capacity reduces available supply, tightening the grid and pushing electricity prices higher, especially during peak demand periods.",0.92,hypothesis,system-haiku
ELEC,Electricity (Power Markets),energy,demand destruction from recession,"{""economic slowdown reduces consumption"",""industrial load decline""}",negative,bearish,"While superficially negative for the market, lower electricity demand floods the grid with excess supply from inflexible baseload generators, driving prices down despite weaker economic conditions.",0.88,hypothesis,system-haiku
ELEC,Electricity (Power Markets),energy,transmission congestion relief completed,"{""grid bottleneck removal"",""interconnector capacity increase""}",positive,bearish,"Removing transmission constraints allows cheaper regional power sources to flow into constrained markets, increasing effective supply and compressing regional price spreads downward.",0.85,hypothesis,system-haiku
ETH,Ethereum (ETH/USD),crypto,network congestion,{},negative,bullish,High gas fees = more ETH burned = deflationary pressure,0.80,active,human
ETH,Ethereum (ETH/USD),crypto,gas fees plummet,"{""low transaction costs"",""gas deflation""}",positive,bearish,"Collapsing gas fees indicate low network demand and user activity, suggesting declining DeFi engagement and reduced burn rate; this signals weakening ecosystem momentum despite appearing beneficial for users.",0.73,hypothesis,system-haiku
ETH,Ethereum (ETH/USD),crypto,staking yield increase,"{""higher staking rewards"",""APY surge""}",positive,bearish,"Rising staking yields incentivize ETH holders to lock tokens rather than sell, reducing circulating supply pressure temporarily, but when yields spike it often signals validator oversupply or network stress, and attracts yield-chasers who dump after rewards normalize.",0.72,hypothesis,system-haiku
ETH,Ethereum (ETH/USD),crypto,increased regulatory scrutiny,"{""regulatory pressure"",""SEC enforcement""}",negative,bullish,"Regulatory clarity or enforcement action (e.g., staking clarity) removes uncertainty and attracts institutional capital; harsh regulation culls weak projects, leaving Ethereum as the safer blue-chip crypto, thereby driving professional accumulation.",0.70,hypothesis,system-haiku
ETH,Ethereum (ETH/USD),crypto,Bitcoin dominance decline,"{""BTC.D falling"",""altcoin season""}",positive,bearish,"Lower Bitcoin dominance typically indicates capital rotation INTO altcoins, but ETH often lags because institutional flows prioritize BTC; dominance decline can also signal macro risk-off sentiment where all crypto weakens together.",0.68,hypothesis,system-haiku
ETH,Ethereum (ETH/USD),crypto,massive ETF inflows,"{""spot ETF demand"",""institutional accumulation""}",positive,bearish,"Historically, massive inflows into ETFs often occur near local tops as retail FOMO peaks; once retail capitulates into products, the easy money has been made and ETH enters consolidation or correction as smart money takes profits.",0.66,hypothesis,system-haiku
ETH,Ethereum (ETH/USD),crypto,DeFi TVL collapse,"{""TVL plunge"",""DeFi liquidation""}",negative,bullish,"Sharp TVL drops trigger cascading liquidations and forced selling, creating panic that pushes prices to capitulation lows where strong hands accumulate; the subsequent recovery from despair-driven lows often produces sharp rallies.",0.65,hypothesis,system-haiku
EURUSD,Euro / US Dollar,forex,Fed hike,{},positive,bearish,"Higher US rates attract capital to USD, weakening EUR/USD",0.80,active,human
EURUSD,Euro / US Dollar,forex,ECB hawkish,{},positive,bullish,Tighter ECB policy supports EUR,0.80,active,human
EURUSD,Euro / US Dollar,forex,dollar strengthens,{},positive,bearish,EUR/USD is inverse of DXY by definition,0.80,active,human
EURUSD,Euro / US Dollar,forex,ECB cuts rates unexpectedly,"{""ECB easing cycle begins"",""ECB rate cut surprise""}",negative,bearish,"ECB rate cuts shrink the interest rate differential between EUR and USD, directly reducing carry-trade demand for EUR and signaling ECB concern about growth, weakening the currency.",0.79,hypothesis,system-haiku
EURUSD,Euro / US Dollar,forex,EU economic growth surge,"{""strong eurozone GDP"",""EU expansion accelerates""}",positive,bearish,"Strong EU growth without ECB rate hikes reduces the rate differential advantage EUR holds, while encouraging risk-on sentiment that favors higher-yielding assets over safe-haven EUR.",0.72,hypothesis,system-haiku
EURUSD,Euro / US Dollar,forex,US recession concerns deepen,"{""US economic slowdown"",""Fed pivot expected""}",negative,bearish,"Recession fears trigger broad USD strength as capital flees to safety and rate-cut expectations lower USD yields only moderately, while risk-off sentiment simultaneously weakens EUR demand.",0.68,hypothesis,system-haiku
EURUSD,Euro / US Dollar,forex,EU trade surplus widens,"{""eurozone export boom"",""EU current account surplus""}",positive,bearish,"A widening trade surplus typically signals mature/slowing EU growth rather than strength, and excess EUR supply from exports can depress the currency despite the structural advantage.",0.65,hypothesis,system-haiku
GAS,European Natural Gas (TTF),Energy / Commodity,Russian gas supply cut,"{""Gazprom cut"",""pipeline disruption"",""Russian supply halt"",Nordstream}",negative,bullish,"Russia supply cuts remove significant European gas supply, driving TTF prices sharply higher",0.95,active,human
GAS,European Natural Gas (TTF),Energy / Commodity,warm winter forecast,"{""mild winter"",""above normal temperatures"",""warm outlook""}",positive,bearish,"Reduced heating demand lowers European gas consumption, bearish for TTF",0.90,active,human
GAS,European Natural Gas (TTF),Energy / Commodity,high storage levels,"{""storage full"",""EU storage above 90%"",""record storage""}",positive,bearish,"Full storage removes urgency to buy spot gas, suppressing TTF prices heading into winter",0.88,active,human
GAS,European Natural Gas (TTF),Energy / Commodity,Norwegian outage,"{""Norwegian pipeline maintenance"",""North Sea outage""}",negative,bullish,Norway is Europe main pipeline gas supplier; outages immediately tighten supply,0.87,active,human
GAS,European Natural Gas (TTF),Energy / Commodity,Strong renewable energy output,"{""high wind generation"",""solar output surge"",""renewable production peak""}",positive,bearish,"High renewables displace gas-fired power generation, reducing immediate demand for gas and pressuring prices downward.",0.92,hypothesis,system-haiku
GAS,European Natural Gas (TTF),Energy / Commodity,US LNG export surge,"{""increased US LNG exports"",""higher American gas shipments"",""US export capacity expansion""}",positive,bearish,"Increased US LNG exports to global markets divert supply away from Europe and reduce LNG scarcity premiums, lowering European prices.",0.88,hypothesis,system-haiku
GAS,European Natural Gas (TTF),Energy / Commodity,Mild autumn weather arrives,"{""above-normal temperatures"",""unseasonably warm fall"",""delayed heating season""}",positive,bearish,"Mild autumn delays peak heating demand and allows storage to be filled at slower rates, reducing urgency and spot price pressure.",0.85,hypothesis,system-haiku
GBPUSD,British Pound / US Dollar,forex,BOE hike,{},positive,bullish,Higher UK rates attract capital to GBP,0.80,active,human
GBPUSD,British Pound / US Dollar,forex,UK recession,{},negative,bearish,Weak growth = BOE more likely to cut rates,0.80,active,human
GBPUSD,British Pound / US Dollar,forex,Fed rate hikes accelerate,"{""aggressive Fed tightening"",""Fed hawkish surprise""}",positive,bearish,Faster Fed tightening widens the USD/GBP rate differential in USD's favor and typically triggers risk-off sentiment that disproportionately hits GBP as a higher-beta currency.,0.75,hypothesis,system-haiku
GBPUSD,British Pound / US Dollar,forex,UK inflation falls sharply,"{""CPI drops significantly"",""disinflation accelerates""}",positive,bearish,"Sharp CPI drops reduce BoE's ability to hike or maintain hawkish guidance, narrowing rate differentials with the Fed and undermining GBP support.",0.73,hypothesis,system-haiku
GBPUSD,British Pound / US Dollar,forex,UK trade surplus widens,"{""strong UK exports"",""trade balance improves""}",positive,bearish,"A widening trade surplus often signals weak domestic demand and deflationary pressures, prompting BoE to hold or cut rates, weakening GBP relative to a hawkish Fed.",0.72,hypothesis,system-haiku
GBPUSD,British Pound / US Dollar,forex,UK GDP growth accelerates,"{""strong UK economic expansion"",""GDP surprise to upside""}",positive,bearish,"If growth is driven by consumption and asset price inflation rather than productivity, it fuels current-account deterioration and increases BoE concerns about overheating, capping rate hikes relative to Fed expectations.",0.70,hypothesis,system-haiku
GBPUSD,British Pound / US Dollar,forex,sterling safe-haven demand rises,"{""flight to quality GBP"",""GBP safe haven inflows""}",positive,bearish,"Ironically, risk-off safe-haven flows often favor USD and CHF over GBP; when GBP rises on perceived safety, it typically signals broader risk aversion that soon reverses as sentiment stabilizes.",0.68,hypothesis,system-haiku
GOLD,Gold (XAUUSD / GC),precious_metals,strong dollar,{},positive,bearish,Gold priced in USD — inverse relationship,0.80,active,human
GOLD,Gold (XAUUSD / GC),precious_metals,rate hike,{},positive,bearish,"Raises real yields, reduces gold's appeal as non-yielding asset",0.80,active,human
GOLD,Gold (XAUUSD / GC),precious_metals,safe haven,{},positive,bullish,Crisis demand flows into gold,0.80,active,human
GOLD,Gold (XAUUSD / GC),precious_metals,real yields rise,{},positive,bearish,Opportunity cost of holding gold increases,0.80,active,human
GOLD,Gold (XAUUSD / GC),precious_metals,risk-on sentiment strengthens,"{""equity rally"",""risk appetite recovers"",""stock market surge""}",positive,bearish,"Strong risk appetite shifts capital from safe-haven gold into higher-yielding equities and bonds, reducing demand for non-yielding assets.",0.82,hypothesis,system-haiku
GOLD,Gold (XAUUSD / GC),precious_metals,inflation rises sharply,"{""high inflation"",""inflation spike"",""CPI surge""}",positive,bearish,"Initial inflation spikes trigger central bank tightening expectations, pushing real yields higher and reducing gold's appeal as a hedge.",0.78,hypothesis,system-haiku
GOLD,Gold (XAUUSD / GC),precious_metals,Fed cuts rates aggressively,"{""rate cuts accelerate"",""aggressive easing"",""rapid rate reduction""}",positive,bearish,"Aggressive rate cuts often signal economic deterioration or crisis, prompting dollar weakness and reducing real yields, but concurrent risk-off and deleveraging can overwhelm gold demand.",0.71,hypothesis,system-haiku
IRON_ORE,Iron Ore (SGX / DCE),base_metals,port inventory high,{},positive,bearish,Excess inventory reduces spot buying pressure,0.80,active,human
IRON_ORE,Iron Ore (SGX / DCE),base_metals,steel output cut,{},negative,bearish,Less steel production = less iron ore needed,0.80,active,human
IRON_ORE,Iron Ore (SGX / DCE),base_metals,Increased ore supply,"{""higher production volumes"",""mine output expansion"",""supply ramp up""}",positive,bearish,Additional ore supply without corresponding demand growth creates oversupply conditions that depress prices despite better availability.,0.88,hypothesis,system-haiku
IRON_ORE,Iron Ore (SGX / DCE),base_metals,Chinese property starts rise,"{""property construction begins"",""housing starts increase"",""new property projects""}",positive,bearish,"New property starts often signal speculative overbuilding that eventually floods the market with supply, reducing future steel demand and iron ore consumption.",0.85,hypothesis,system-haiku
IRON_ORE,Iron Ore (SGX / DCE),base_metals,Steel mill capacity expansion,"{""mill construction increases"",""smelting capacity rises"",""furnace additions""}",positive,bearish,"Excess steelmaking capacity in China typically leads to cut-throat competition and margin compression, causing mills to defer ore purchases and push prices lower.",0.82,hypothesis,system-haiku
IRON_ORE,Iron Ore (SGX / DCE),base_metals,China RMB appreciation,"{""yuan strengthens"",""stronger renminbi"",""RMB gains""}",positive,bearish,"Stronger RMB makes Chinese steel exports less competitive globally, reducing overall steel mill demand for iron ore feedstock.",0.80,hypothesis,system-haiku
IRON_ORE,Iron Ore (SGX / DCE),base_metals,Infrastructure stimulus announced,"{""government spending boost"",""investment package unveiled"",""stimulus measures""}",positive,bearish,"Stimulus announcements often fail to translate into actual near-term demand, creating false expectations; markets may also interpret it as a sign of underlying economic weakness requiring intervention.",0.78,hypothesis,system-haiku
LNG,Liquefied Natural Gas (Global),Energy / Commodity,LNG export terminal outage,"{""terminal offline"",""facility shutdown"",""export halt""}",negative,bullish,Outage reduces US LNG exports — bearish US gas but bullish global LNG spot prices,0.85,active,human
LNG,Liquefied Natural Gas (Global),Energy / Commodity,Qatar production increase,"{""Qatar output rise"",""QatarEnergy expansion""}",positive,bearish,"More Qatar supply increases global LNG availability, pushing spot prices down",0.82,active,human
LNG,Liquefied Natural Gas (Global),Energy / Commodity,LNG facility restart,"{""terminal restart"",""export facility resumes""}",positive,bearish,"Restart increases export capacity, reducing domestic gas prices and adding to global supply",0.80,active,human
LNG,Liquefied Natural Gas (Global),Energy / Commodity,warm winter weather,"{""mild winter conditions"",""above-normal temperatures"",""warm heating season""}",positive,bearish,"Warm winters reduce heating demand in key consuming regions (Europe, Northeast Asia), lowering LNG import requirements and prices despite seemingly favorable market conditions.",0.92,hypothesis,system-haiku
LNG,Liquefied Natural Gas (Global),Energy / Commodity,pipeline supply disruption,"{""Russian pipeline outage"",""land-based supply cut"",""pipeline maintenance""}",negative,bullish,"Pipeline disruptions force consumers to switch to seaborne LNG as alternative fuel source, increasing demand for spot market purchases and driving LNG prices higher.",0.90,hypothesis,system-haiku
LNG,Liquefied Natural Gas (Global),Energy / Commodity,U.S. natural gas abundance,"{""shale gas oversupply"",""abundant domestic supply"",""cheap Henry Hub prices""}",positive,bearish,"Abundant U.S. domestic supply reduces export incentives and increases global LNG supply via U.S. export terminals, flooding markets and depressing seaborne LNG prices.",0.88,hypothesis,system-haiku
LNG,Liquefied Natural Gas (Global),Energy / Commodity,Asian industrial demand surge,"{""strong manufacturing growth"",""factory utilization increase"",""industrial expansion""}",positive,bearish,"Higher industrial demand drives power generation from cheaper coal and renewable sources rather than gas-fired plants, limiting actual LNG volume increases despite demand signals.",0.79,hypothesis,system-haiku
NATGAS,Natural Gas (NG),energy,mild winter,{},positive,bearish,Less heating demand = less consumption,0.80,active,human
NATGAS,Natural Gas (NG),energy,cold snap,{},negative,bullish,Spike in heating demand,0.80,active,human
NATGAS,Natural Gas (NG),energy,storage build,{},positive,bearish,Above-average storage reduces scarcity premium,0.80,active,human
NATGAS,Natural Gas (NG),energy,liquefied natural,{},negative,bullish,"Phrase 'liquefied natural' appears in 3 bearish GAS headlines that were followed by price rises >2% within 5 days. Confidence 100%, support 0%.",1.00,hypothesis,finsenti_phrase_mining
NATGAS,Natural Gas (NG),energy,research suggests,{},negative,bullish,"Phrase 'research suggests' appears in 3 bearish GAS headlines that were followed by price rises >2% within 5 days. Confidence 100%, support 0%.",1.00,hypothesis,finsenti_phrase_mining
NATGAS,Natural Gas (NG),energy,climate experts,{},negative,bullish,"Phrase 'climate experts' appears in 3 bearish GAS headlines that were followed by price rises >2% within 5 days. Confidence 100%, support 0%.",1.00,hypothesis,finsenti_phrase_mining
NATGAS,Natural Gas (NG),energy,climate bomb,{},negative,bullish,"Phrase 'climate bomb' appears in 3 bearish GAS headlines that were followed by price rises >2% within 5 days. Confidence 100%, support 0%.",1.00,hypothesis,finsenti_phrase_mining
NATGAS,Natural Gas (NG),energy,EIA storage surprise,"{""unexpected storage draw"",""larger-than-forecast withdrawal"",""storage miss to downside""}",negative,bullish,"A larger-than-expected storage draw signals stronger underlying demand or tighter supply conditions than the market anticipated, triggering bullish repricing despite the headline being a negative (inventory loss).",0.78,hypothesis,system-haiku
NATGAS,Natural Gas (NG),energy,landmark deal,{},negative,bullish,"Phrase 'landmark deal' appears in 3 bearish GAS headlines that were followed by price rises >2% within 5 days. Confidence 75%, support 0%.",0.75,hypothesis,finsenti_phrase_mining
NATGAS,Natural Gas (NG),energy,transition away,{},negative,bullish,"Phrase 'transition away' appears in 3 bearish GAS headlines that were followed by price rises >2% within 5 days. Confidence 75%, support 0%.",0.75,hypothesis,finsenti_phrase_mining
NATGAS,Natural Gas (NG),energy,summer cooling demand,"{""hot weather ahead"",""AC season"",""summer heat spike""}",positive,bearish,"Natural gas demand for electricity generation during summer cooling is far weaker than winter heating demand; seasonal injection into storage typically overwhelms any demand benefit, creating bearish seasonality.",0.75,hypothesis,system-haiku
NATGAS,Natural Gas (NG),energy,LNG export surge,"{""increased LNG exports"",""higher LNG shipments"",""LNG export growth""}",positive,bearish,"While exports boost demand, they drain domestic storage and increase Henry Hub supply pressure, often resulting in price weakness as arbitrage opportunities diminish and domestic oversupply concerns emerge.",0.72,hypothesis,system-haiku
NATGAS,Natural Gas (NG),energy,production decline,"{""lower rig count"",""falling output"",""reduced drilling""}",negative,bearish,"Production declines during periods of weak demand/oversupply signal structural weakness in the market; they often accompany demand destruction or storage drawdown fears, pushing prices lower despite lower supply.",0.68,hypothesis,system-haiku
NDX,Nasdaq 100 (NQ),indices,10Y yield rises,{},positive,bearish,Higher long rates compress growth stock valuations (duration effect),0.80,active,human
NDX,Nasdaq 100 (NQ),indices,AI boom,{},positive,bullish,AI tailwind for major Nasdaq constituents,0.80,active,human
NDX,Nasdaq 100 (NQ),indices,Strong USD appreciation,"{""dollar strength"",""USD rally"",""strong dollar""}",positive,bearish,"Tech giants derive 30-50% of revenue internationally; strong USD reduces foreign earnings when converted back to dollars, pressuring NDX valuations.",0.92,hypothesis,system-haiku
NDX,Nasdaq 100 (NQ),indices,Fed rate cuts begin,"{""rate cut cycle"",""Fed easing"",""lower interest rates""}",positive,bearish,Rate cuts typically signal economic weakness or recession fears; tech growth stocks underperform during demand contractions despite lower discount rates.,0.85,hypothesis,system-haiku
NDX,Nasdaq 100 (NQ),indices,Tech sector concentration,"{""mega-cap dominance"",""index concentration rise"",""top 7 weight increase""}",positive,bearish,"Rising concentration indicates narrow market leadership and increased vulnerability to rotation; when concentration peaks, systematic mean reversion and dispersion trades trigger NDX selloffs.",0.83,hypothesis,system-haiku
NDX,Nasdaq 100 (NQ),indices,Inflation falls sharply,"{""disinflation trend"",""CPI decline"",""price stability""}",positive,bearish,"Deflation or near-zero inflation signals demand weakness and potential recession, which pressures tech valuations more than benefits from lower bond yields.",0.80,hypothesis,system-haiku
NDX,Nasdaq 100 (NQ),indices,Mega-cap earnings beat,"{""FANG earnings surprise"",""tech profit surge"",""beat expectations""}",positive,bearish,Tech stocks are priced for perfection; even strong beats are often followed by selloffs due to forward guidance concerns or already-embedded expectations.,0.78,hypothesis,system-haiku
NICKEL,Nickel (LME),base_metals,Indonesia export ban,{},negative,bullish,Indonesia is world's largest producer — export restrictions tighten supply,0.80,active,human
NICKEL,Nickel (LME),base_metals,EV slowdown,{},negative,bearish,Battery-grade nickel demand falls,0.80,active,human
NICKEL,Nickel (LME),base_metals,Nickel ore grade decline,"{""lower ore grades"",""declining ore quality"",""ore grade deterioration""}",negative,bullish,"Lower ore grades force producers to process more tonnage for same output, reducing supply capacity and supporting prices despite seeming like a production problem.",0.82,hypothesis,system-haiku
NICKEL,Nickel (LME),base_metals,Mining expansion in Indonesia,"{""Indonesian mine capacity growth"",""laterite output increase"",""new Indonesian smelters""}",positive,bearish,"Indonesia's rapid smelter expansion increases Class 2 nickel (NPI) supply, which substitutes for refined nickel and floods the market despite nominal 'capacity growth' narrative.",0.81,hypothesis,system-haiku
NICKEL,Nickel (LME),base_metals,Weak refined nickel premiums,"{""declining treatment charges"",""falling premiums"",""compressed refining spreads""}",negative,bullish,"Low premiums indicate refiner oversupply and reduced demand for refined nickel relative to Class 2 sources, forcing buyers to accept lower-quality NPI and tightening the refined market.",0.79,hypothesis,system-haiku
NICKEL,Nickel (LME),base_metals,Chinese inventory accumulation,"{""Chinese stockpile growth"",""LME warehouse buildup"",""Shanghai inventory rise""}",positive,bearish,"Large Chinese inventory builds signal demand weakness or future oversupply expectations, as accumulation typically precedes demand destruction or hedging of falling prices.",0.78,hypothesis,system-haiku
NICKEL,Nickel (LME),base_metals,Stainless steel production surge,"{""rising stainless output"",""strong stainless demand"",""stainless mill ramp-up""}",positive,bearish,"Mills increase nickel scrap recycling and lower nickel content per ton when faced with higher volumes, reducing marginal nickel demand despite higher production tonnages.",0.75,hypothesis,system-haiku
NIKKEI,Nikkei 225 (Japan),indices,yen strengthens,{},positive,bearish,Strong yen hurts export earnings of Nikkei companies,0.80,active,human
NIKKEI,Nikkei 225 (Japan),indices,yen weakens,{},negative,bullish,Weak yen inflates overseas earnings of Japanese exporters,0.80,active,human
NIKKEI,Nikkei 225 (Japan),indices,US interest rates rise,"{""Fed rate hikes"",""higher US yields"",""US monetary tightening""}",positive,bearish,"Higher US rates strengthen the dollar and increase capital outflows from Japan, reducing demand for Japanese equities and pressuring the Nikkei despite stronger global growth expectations.",0.85,hypothesis,system-haiku
NIKKEI,Nikkei 225 (Japan),indices,BOJ tightens policy,"{""BOJ rate hike"",""Japan monetary tightening"",""BOJ hawkish shift""}",positive,bearish,"BOJ tightening strengthens the yen, which reduces competitiveness of major Nikkei exporters (Toyota, Sony) and compresses earnings despite improved credit conditions.",0.82,hypothesis,system-haiku
NIKKEI,Nikkei 225 (Japan),indices,US tech earnings miss,"{""weak US tech results"",""Silicon Valley disappointment"",""FAANG earnings decline""}",negative,bullish,"US tech weakness reduces Fed rate expectations and dollar strength, allowing the yen to weaken, which disproportionately benefits Nikkei tech and semiconductor exporters relative to their US counterparts.",0.79,hypothesis,system-haiku
NIKKEI,Nikkei 225 (Japan),indices,China economic slowdown,"{""weak China growth"",""China recession fears"",""China demand collapse""}",negative,bullish,"China slowdown weakens the yuan and reduces regional currency strength, allowing the yen to depreciate relatively, which benefits Nikkei exporters despite lower Chinese demand.",0.78,hypothesis,system-haiku
NIKKEI,Nikkei 225 (Japan),indices,Japan fiscal stimulus,"{""BOJ QE expansion"",""increased government spending"",""stimulus package""}",positive,bearish,"Large fiscal stimulus can weaken the yen initially through inflation expectations, but persistent stimulus signals structural weakness and dependency, reducing long-term investor confidence in Japanese assets.",0.72,hypothesis,system-haiku
OIL,Crude Oil (WTI/Brent),energy commodity,demand destruction,{},negative,bearish,Confirms weakening consumption,0.90,active,human
OIL,Crude Oil (WTI/Brent),energy commodity,inventory draw,{},negative,bullish,"Falling stockpiles signal tight supply, pushing prices up",0.85,active,human
OIL,Crude Oil (WTI/Brent),energy commodity,inventory build,{},positive,bearish,"Rising stockpiles signal oversupply, pushing prices down",0.85,active,human
OIL,Crude Oil (WTI/Brent),energy commodity,strong dollar,{},positive,bearish,"Oil priced in USD — stronger dollar makes it more expensive globally, reducing demand",0.80,active,human
OIL,Crude Oil (WTI/Brent),energy commodity,opec talks final,{},negative,bullish,Test,1.00,hypothesis,finsenti_phrase_mining
OIL,Crude Oil (WTI/Brent),energy commodity,biden sanctions,{},negative,bullish,"Phrase 'biden sanctions' appears in 3 bearish OIL headlines that were followed by price rises >2% within 5 days. Confidence 100%, support 0%.",1.00,hypothesis,finsenti_phrase_mining
OIL,Crude Oil (WTI/Brent),energy commodity,sanctions spare russia,{},negative,bullish,"Phrase 'sanctions spare russia' appears in 3 bearish OIL headlines that were followed by price rises >2% within 5 days. Confidence 100%, support 0%.",1.00,hypothesis,finsenti_phrase_mining
OIL,Crude Oil (WTI/Brent),energy commodity,biden sanctions spare,{},negative,bullish,"Phrase 'biden sanctions spare' appears in 3 bearish OIL headlines that were followed by price rises >2% within 5 days. Confidence 100%, support 0%.",1.00,hypothesis,finsenti_phrase_mining
OIL,Crude Oil (WTI/Brent),energy commodity,opec talks,{},negative,bullish,"Phrase 'opec talks' appears in 3 bearish OIL headlines that were followed by price rises >2% within 5 days. Confidence 100%, support 0%.",1.00,hypothesis,finsenti_phrase_mining
OIL,Crude Oil (WTI/Brent),energy commodity,spare russia,{},negative,bullish,"Phrase 'spare russia' appears in 3 bearish OIL headlines that were followed by price rises >2% within 5 days. Confidence 100%, support 0%.",1.00,hypothesis,finsenti_phrase_mining
OIL,Crude Oil (WTI/Brent),energy commodity,sanctions spare,{},negative,bullish,"Phrase 'sanctions spare' appears in 3 bearish OIL headlines that were followed by price rises >2% within 5 days. Confidence 100%, support 0%.",1.00,hypothesis,finsenti_phrase_mining
OIL,Crude Oil (WTI/Brent),energy commodity,talks begin,{},negative,bullish,"Phrase 'talks begin' appears in 4 bearish OIL headlines that were followed by price rises >2% within 5 days. Confidence 100%, support 0%.",1.00,hypothesis,finsenti_phrase_mining
OIL,Crude Oil (WTI/Brent),energy commodity,OPEC production increase,"{""OPEC raises output"",""OPEC boosts production"",""higher OPEC supply""}",positive,bearish,"Market interprets OPEC output hikes as a signal of weak demand outlook or loss of production discipline, triggering sell-offs despite nominal supply increases.",0.85,hypothesis,system-haiku
OIL,Crude Oil (WTI/Brent),energy commodity,Fed rate cuts expected,"{""monetary easing ahead"",""lower interest rates coming"",""dovish central bank""}",positive,bearish,"Rate cuts typically signal economic slowdown concerns, which reduces energy demand expectations and causes oil to sell off despite looser monetary conditions benefiting risk assets.",0.82,hypothesis,system-haiku
OIL,Crude Oil (WTI/Brent),energy commodity,refinery utilization decline,"{""lower refinery rates"",""refinery maintenance season"",""reduced refining demand""}",negative,bullish,"Lower refinery runs signal tight crude balances and rising crude inventories, which reduces near-term crude demand and can actually support prices by preventing oversupply gluts.",0.78,hypothesis,system-haiku
OIL,Crude Oil (WTI/Brent),energy commodity,OPEC output cut,{},negative,bullish,"FP-Growth rule: naive negative → actual bullish. Confidence: 0.73, Support: 0.08",0.73,hypothesis,finsenti_fpgrowth
OIL,Crude Oil (WTI/Brent),energy commodity,refinery outage reported,{},negative,bullish,FP-Growth rule: naive negative → actual bullish. Confidence: 0.71,0.71,hypothesis,finsenti_fpgrowth
OIL,Crude Oil (WTI/Brent),energy commodity,opec talks 3,{},negative,bullish,FP-Growth rule: naive negative → actual bullish. Confidence: 0.71,0.71,hypothesis,test
OIL,Crude Oil (WTI/Brent),energy commodity,opec talks 4,{},negative,bullish,FP-Growth rule: naive negative → actual bullish. Confidence: 0.71,0.71,hypothesis,test
OIL,Crude Oil (WTI/Brent),energy commodity,energy cooperation,{},negative,bullish,"Phrase 'energy cooperation' appears in 5 bearish OIL headlines that were followed by price rises >2% within 5 days. Confidence 71%, support 0%.",0.71,hypothesis,finsenti_phrase_mining
PALLADIUM,Palladium (XPDUSD / PA),precious_metals,EV adoption,{},positive,bearish,EVs don't need catalytic converters — reduces palladium demand,0.80,active,human
PALLADIUM,Palladium (XPDUSD / PA),precious_metals,stricter emissions,{},negative,bullish,More catalyst loading per vehicle required,0.80,active,human
PALLADIUM,Palladium (XPDUSD / PA),precious_metals,autocatalyst recycling surge,"{""scrap recovery increase"",""end-of-life vehicle recycling"",""palladium recovery rates""}",positive,bearish,"Higher recycling rates from aging vehicles and improved recovery technology increase secondary supply, directly competing with primary mine production and depressing prices despite reducing overall supply dependency.",0.78,hypothesis,system-haiku
PALLADIUM,Palladium (XPDUSD / PA),precious_metals,mining cost inflation,"{""production cost surge"",""operational expense increase"",""extraction cost rise""}",negative,bullish,"Rising mining costs in South Africa and Russia, driven by labor disputes, energy prices, and operational challenges, reduce producer willingness to supply at lower prices, creating a price floor that supports palladium valuations.",0.75,hypothesis,system-haiku
PALLADIUM,Palladium (XPDUSD / PA),precious_metals,Russian supply disruption,"{""Russia production halt"",""geopolitical tension Russia"",""sanctions on palladium""}",negative,bearish,"Supply disruptions from Russia (40% of global supply) initially spike prices, but trigger substitution in catalytic converters and accelerate shift to platinum/rhodium alternatives, ultimately reducing long-term demand more than supply loss.",0.72,hypothesis,system-haiku
PALLADIUM,Palladium (XPDUSD / PA),precious_metals,platinum price collapse,"{""platinum depreciation"",""pt/pd ratio widening"",""platinum weakness""}",positive,bearish,"When platinum falls sharply, automakers accelerate substitution of palladium for platinum in catalytic converters to reduce costs, flooding the market with incremental palladium demand that becomes structural oversupply once prices stabilize.",0.71,hypothesis,system-haiku
PALLADIUM,Palladium (XPDUSD / PA),precious_metals,gasoline vehicle sales growth,"{""ICE demand rebound"",""petrol car production surge"",""internal combustion revival""}",positive,bearish,"Increased gasoline vehicle production typically occurs in low-cost markets with minimal or outdated emissions standards requiring less palladium per converter, reducing per-unit demand despite higher absolute vehicle volumes.",0.68,hypothesis,system-haiku
PLATINUM,Platinum (XPTUSD / PL),precious_metals,hydrogen economy,{},neutral,bullish,Platinum is key catalyst in hydrogen fuel cells,0.80,active,human
PLATINUM,Platinum (XPTUSD / PL),precious_metals,diesel ban,{},negative,bearish,Diesel cars use platinum catalysts — fewer diesel = less demand,0.80,active,human
PLATINUM,Platinum (XPTUSD / PL),precious_metals,electric vehicle adoption surge,"{""EV market growth"",""electric car penetration increase""}",positive,bearish,"EVs eliminate need for gasoline catalytic converters (platinum's largest demand driver), directly reducing industrial demand regardless of economic strength.",0.95,hypothesis,system-haiku
PLATINUM,Platinum (XPTUSD / PL),precious_metals,South African power crisis,"{""SA load shedding"",""Eskom electricity shortage""}",negative,bullish,Mining disruptions in South Africa (70%+ of global platinum supply) create supply constraints that push prices higher despite apparent economic weakness.,0.92,hypothesis,system-haiku
PLATINUM,Platinum (XPTUSD / PL),precious_metals,automotive production decline,"{""car manufacturing downturn"",""vehicle output contraction""}",negative,bullish,"Lower auto production initially appears bearish, but supply destruction of recycled platinum from scrapped converters tightens the market and supports prices.",0.78,hypothesis,system-haiku
PLATINUM,Platinum (XPTUSD / PL),precious_metals,dollar strength rally,"{""USD appreciation"",""strong US currency""}",negative,bullish,"While stronger dollars reduce non-US demand, they create financial stress in SA, potentially halting mining expansion and supporting platinum prices via supply constraints.",0.72,hypothesis,system-haiku
PLATINUM,Platinum (XPTUSD / PL),precious_metals,industrial recession expectations,"{""manufacturing downturn forecast"",""economic contraction signals""}",negative,bullish,"Recession fears trigger central bank easing and safe-haven demand for platinum as a precious metal store of value, offsetting weak industrial demand.",0.68,hypothesis,system-haiku
RBOB,RBOB Gasoline,energy,refinery outage,{},negative,bullish,Reduced supply of refined product,0.80,active,human
RBOB,RBOB Gasoline,energy,ethanol price surge,"{""ethanol costs rise"",""higher ethanol blending costs""}",negative,bullish,"Higher ethanol prices reduce blending economics, forcing refiners to produce less gasoline blend and more unblended RBOB, supporting its price.",0.85,hypothesis,system-haiku
RBOB,RBOB Gasoline,energy,crude oil price collapse,"{""oil prices crash"",""WTI plunge""}",positive,bearish,"Crude crashes typically signal economic weakness or demand destruction, which cascades into gasoline demand weakness despite lower input costs for refiners.",0.82,hypothesis,system-haiku
RBOB,RBOB Gasoline,energy,high refinery utilization,"{""refineries running full"",""capacity utilization peak""}",positive,bearish,"Peak utilization increases gasoline supply flooding the market; refiners can't increase output further, yet incremental volumes push prices down.",0.80,hypothesis,system-haiku
RBOB,RBOB Gasoline,energy,summer blend transition,"{""seasonal spec change"",""RVP restrictions tighten""}",negative,bullish,"Stricter summer specs (lower RVP) reduce refinery yields and flexibility; combined with peak driving season demand, RBOB prices rise despite seasonal seasonality expectations.",0.79,hypothesis,system-haiku
RBOB,RBOB Gasoline,energy,weak gasoline demand,"{""lower driving demand"",""reduced fuel consumption""}",negative,bullish,"Weak demand forces refineries to cut runs and reduce production, tightening supply and supporting RBOB prices despite lower consumption.",0.78,hypothesis,system-haiku
RBOB,RBOB Gasoline,energy,import volume increase,"{""rising gasoline imports"",""foreign supply inflow""}",negative,bearish,"Increased imports signal arbitrage opportunities for foreign refiners, flooding US market with cheap gasoline and depressing RBOB futures.",0.76,hypothesis,system-haiku
SILVER,Silver (XAGUSD / SI),precious_metals,rate hike,{},positive,bearish,"Like gold, higher real yields reduce silver's appeal",0.80,active,human
SILVER,Silver (XAGUSD / SI),precious_metals,solar demand,{},neutral,bullish,Silver is key input in photovoltaic cells,0.80,active,human
SILVER,Silver (XAGUSD / SI),precious_metals,gold price rally,"{""gold surge"",""rising gold prices"",""gold outperformance""}",positive,bearish,"When gold rallies while silver lags, it signals flight-to-safety and risk aversion; investors rotate into the safer precious metal, reducing silver's relative attractiveness and pushing its price down.",0.75,hypothesis,system-haiku
SILVER,Silver (XAGUSD / SI),precious_metals,industrial production surge,"{""manufacturing expansion"",""industrial growth"",""production increase""}",positive,bearish,"Higher industrial demand increases silver supply from mining and recycling, while manufacturing strength often accompanies dollar strength and risk-off sentiment that reduces precious metal appeal.",0.72,hypothesis,system-haiku
SILVER,Silver (XAGUSD / SI),precious_metals,mining cost inflation,"{""rising production costs"",""energy cost increase"",""mining expense surge""}",negative,bullish,"Higher mining costs reduce supply growth and increase the cost floor for new silver, supporting prices by constraining future production despite the negative margin implications.",0.70,hypothesis,system-haiku
SILVER,Silver (XAGUSD / SI),precious_metals,tech sector weakness,"{""semiconductor slowdown"",""electronics demand drop"",""tech downturn""}",negative,bullish,"Tech sector weakness reduces industrial silver demand but simultaneously signals broader economic distress that drives investors into safe-haven precious metals, with the hedge demand outweighing the lost industrial demand.",0.69,hypothesis,system-haiku
SILVER,Silver (XAGUSD / SI),precious_metals,US dollar weakness,"{""dollar depreciation"",""USD decline"",""weaker greenback""}",positive,bearish,"Weak dollar typically signals economic deterioration or inflation fears; weak-dollar environments often correlate with equity market stress and liquidity hoarding, reducing speculative precious metals demand.",0.68,hypothesis,system-haiku
SOYA,Soybeans (ZS — CBOT),agricultural,China cancels orders,{},negative,bearish,China buys ~60% of traded soybeans,0.80,active,human
SOYA,Soybeans (ZS — CBOT),agricultural,Argentina drought,{},negative,bullish,Argentina is world's largest soy meal exporter,0.80,active,human
SOYA,Soybeans (ZS — CBOT),agricultural,US soybean planting surge,"{""record US plantings"",""expanded US acreage"",""higher US seeding""}",positive,bearish,"Increased US production expands global supply, pressuring prices downward despite the initial positive sentiment about domestic farming activity.",0.85,hypothesis,system-haiku
SOYA,Soybeans (ZS — CBOT),agricultural,Brazilian real depreciates,"{""weaker Brazilian currency"",""real currency decline"",""BRL weakness""}",negative,bearish,"A weaker real makes Brazilian soybeans cheaper in USD terms, increasing export competitiveness and flooding global markets, which suppresses SOYA prices.",0.82,hypothesis,system-haiku
SOYA,Soybeans (ZS — CBOT),agricultural,Asian palm oil surplus,"{""palm oil glut"",""excess palm supply"",""rising palm inventories""}",negative,bearish,"Oversupply of competing palm oil depresses vegetable oil prices globally, reducing crush margins and weakening demand for soybeans as an oil-feed source.",0.80,hypothesis,system-haiku
SOYA,Soybeans (ZS — CBOT),agricultural,Crush margins expand,"{""rising crush spreads"",""improved processing margins"",""wider meal-oil spreads""}",positive,bearish,"Expanding crush margins incentivize processors to crush more beans, increasing demand for soybeans but simultaneously flooding meal and oil markets, eventually depressing soybean futures.",0.78,hypothesis,system-haiku
SOYA,Soybeans (ZS — CBOT),agricultural,US ethanol demand rises,"{""increased ethanol production"",""higher ethanol crush"",""corn ethanol surge""}",positive,bearish,"Strong ethanol demand diverts corn demand, lowering corn prices and reducing the competitiveness of soybeans as a crop rotation alternative, encouraging soybean planting and oversupply.",0.76,hypothesis,system-haiku
SPX,S&P 500 Index (ES),indices,Fed pivot,{},neutral,bullish,"Rate cut expectations reduce discount rate, boost multiples",0.80,active,human
SPX,S&P 500 Index (ES),indices,recession fears,{},negative,bearish,Expected earnings decline hurts stock prices,0.80,active,human
SPX,S&P 500 Index (ES),indices,rate hike,{},positive,bearish,Higher rates = higher discount rate = lower equity valuations,0.80,active,human
SPX,S&P 500 Index (ES),indices,strong jobs report,"{""unemployment drops"",""wage growth accelerates"",""payroll beat""}",positive,bearish,"Strong employment data signals inflation persistence, forcing Fed to maintain higher rates for longer, increasing discount rates on future earnings.",0.85,hypothesis,system-haiku
SPX,S&P 500 Index (ES),indices,credit spreads tighten,"{""HY spreads narrow"",""low-grade bonds rally"",""risk premium compresses""}",positive,bearish,"Excessively tight spreads indicate complacency and excessive leverage in the financial system, creating vulnerability to reversal; signals terminal phase of risk appetite before repricing.",0.80,hypothesis,system-haiku
SPX,S&P 500 Index (ES),indices,corporate profit margins expand,"{""margin improvement"",""cost cutting success"",""pricing power""}",positive,bearish,Expanding margins often indicate demand weakness forcing companies to cut costs; unsustainable margin expansion typically precedes earnings disappointments and multiple compression.,0.78,hypothesis,system-haiku
SPX,S&P 500 Index (ES),indices,VIX spike on good news,"{""volatility during rally"",""fear in strength"",""dispersion in upside""}",positive,bearish,"VIX rising during rallies signals underlying market fragmentation and hedging demand, suggesting institutional investors lack conviction and are protecting against tail risk.",0.72,hypothesis,system-haiku
STEEL_REBAR,Steel Rebar (RB — Shanghai),base_metals,property crackdown,{},negative,bearish,Less construction = less steel demand,0.80,active,human
STEEL_REBAR,Steel Rebar (RB — Shanghai),base_metals,infrastructure stimulus,{},positive,bullish,Government spending on infrastructure = steel demand spike,0.80,active,human
STEEL_REBAR,Steel Rebar (RB — Shanghai),base_metals,interest rate hikes,"{""rising rates"",""monetary tightening"",""higher borrowing costs""}",negative,bearish,"Higher rates increase financing costs for construction projects and reduce household purchasing power for property, suppressing new construction demand for rebar.",0.88,hypothesis,system-haiku
STEEL_REBAR,Steel Rebar (RB — Shanghai),base_metals,high real estate inventory,"{""excess housing stock"",""unsold property inventory"",""high completion rates""}",positive,bearish,"Excess completed inventory discourages new construction starts as developers wait for sales, reducing immediate rebar demand despite material availability.",0.85,hypothesis,system-haiku
STEEL_REBAR,Steel Rebar (RB — Shanghai),base_metals,cement price surge,"{""rising cement costs"",""cement inflation"",""higher cement prices""}",positive,bearish,"Rising cement costs squeeze construction margins and reduce overall concrete demand, which directly reduces rebar usage in construction projects.",0.82,hypothesis,system-haiku
STEEL_REBAR,Steel Rebar (RB — Shanghai),base_metals,yuan depreciation,"{""weak yuan"",""CNY weakening"",""currency depreciation""}",positive,bearish,"Weak yuan raises import costs for Chinese manufacturers and reduces export competitiveness, dampening overall economic activity and construction demand.",0.78,hypothesis,system-haiku
STEEL_REBAR,Steel Rebar (RB — Shanghai),base_metals,accelerated project completion,"{""faster construction pace"",""project acceleration"",""frontloaded construction""}",positive,bearish,"When projects complete ahead of schedule, it pulls forward demand into earlier periods but leaves fewer projects in pipeline, causing later demand collapse.",0.76,hypothesis,system-haiku
SUGAR,Sugar No. 11 (SB — ICE),agricultural,ethanol parity,{},neutral,bullish,"When ethanol is profitable, Brazilian mills divert cane to ethanol, reducing sugar output",0.80,active,human
SUGAR,Sugar No. 11 (SB — ICE),agricultural,monsoon failure,{},negative,bullish,India's sugar output falls when monsoon underperforms,0.80,active,human
SUGAR,Sugar No. 11 (SB — ICE),agricultural,India export restrictions lift,"{""export quota increase"",""India export liberalization""}",negative,bearish,"Removal of Indian export barriers unleashes massive surplus supply onto global markets, overwhelming demand and causing price collapse.",0.82,hypothesis,system-haiku
SUGAR,Sugar No. 11 (SB — ICE),agricultural,Brazil real weakens,"{""currency depreciation"",""BRL decline""}",positive,bearish,"Weaker real makes Brazilian sugar exports more competitive globally, flooding markets with supply and pushing prices lower despite currency advantage.",0.78,hypothesis,system-haiku
SUGAR,Sugar No. 11 (SB — ICE),agricultural,crushing margins improve,"{""mill profitability surge"",""stronger processing margins""}",positive,bearish,"Higher crush margins incentivize maximum sugar output instead of ethanol production, flooding markets with excess sugar and depressing prices.",0.76,hypothesis,system-haiku
SUGAR,Sugar No. 11 (SB — ICE),agricultural,record global production,"{""bumper crop worldwide"",""all-time high output""}",negative,bullish,"Record production often signals structural oversupply that depresses prices for years, triggering market capitulation and eventually supply-side cutbacks that support recovery.",0.75,hypothesis,system-haiku
SUGAR,Sugar No. 11 (SB — ICE),agricultural,Chinese consumption growth,"{""demand surge China"",""rising Asian consumption""}",positive,bearish,"Chinese demand growth is typically met by domestic beet and cane production increases and strategic reserves releases, failing to support global prices.",0.71,hypothesis,system-haiku
USDCAD,US Dollar / Canadian Dollar,forex,oil rally,{},positive,bearish,Higher oil = stronger CAD = lower USD/CAD,0.80,active,human
USDCAD,US Dollar / Canadian Dollar,forex,oil falls,{},negative,bullish,Lower oil = weaker CAD = higher USD/CAD,0.80,active,human
USDCAD,US Dollar / Canadian Dollar,forex,US-Canada trade tensions,"{""tariff threats on Canada"",""trade war escalation"",""protectionist measures""}",negative,bullish,"Trade friction between US and Canada reduces cross-border capital flows and Canadian export demand, weakening CAD; simultaneously, uncertainty pushes capital into USD as the global safe-haven currency.",0.75,hypothesis,system-haiku
USDCAD,US Dollar / Canadian Dollar,forex,US economic strength,"{""strong US GDP"",""US growth accelerates"",""robust US data""}",positive,bearish,"Strong US economy prompts Fed rate hikes, but stronger growth also reduces USD safe-haven demand and encourages risk-on sentiment, which favors CAD as investors rotate into higher-yielding assets and commodities.",0.72,hypothesis,system-haiku
USDCAD,US Dollar / Canadian Dollar,forex,equity market rally,"{""stock market surge"",""risk appetite increases"",""equity optimism""}",positive,bearish,Strong equity markets reduce safe-haven demand for USD and encourage capital flows into commodity-linked CAD; risk-on sentiment favors the Canadian dollar as investors reduce USD hedges.,0.70,hypothesis,system-haiku
USDCAD,US Dollar / Canadian Dollar,forex,BoC rate hikes,"{""Bank of Canada tightening"",""Canadian rates rise"",""BoC hiking cycle""}",positive,bearish,"While rate hikes typically support a currency, BoC hikes often signal economic stress or inflation concerns in Canada; if hikes lag Fed moves or signal desperation, CAD weakens relative to USD.",0.68,hypothesis,system-haiku
USDCAD,US Dollar / Canadian Dollar,forex,Canadian inflation spike,"{""CPI surge in Canada"",""inflationary pressures rise"",""higher Canadian prices""}",positive,bearish,"High inflation in Canada signals economic overheating and prompts BoC to hike aggressively, but persistent inflation also erodes real returns and CAD purchasing power, weakening the currency long-term.",0.66,hypothesis,system-haiku
USDCHF,US Dollar / Swiss Franc,forex,risk-off,{},negative,bearish,Safe-haven demand for CHF = USD/CHF falls,0.80,active,human
USDCHF,US Dollar / Swiss Franc,forex,SNB intervention,{},neutral,bullish,SNB buys USD/sells CHF to cap franc strength,0.80,active,human
USDCHF,US Dollar / Swiss Franc,forex,Swiss inflation rises,"{""higher CHF inflation"",""SNB inflation data up"",""Swiss CPI acceleration""}",negative,bullish,"Higher Swiss inflation prompts SNB rate hikes, strengthening CHF and reducing USD/CHF as investors anticipate tighter monetary policy.",0.85,hypothesis,system-haiku
USDCHF,US Dollar / Swiss Franc,forex,US economic strength,"{""strong US GDP"",""robust US employment"",""US growth accelerates""}",positive,bearish,"US economic strength reduces safe-haven demand for CHF; stronger global growth pushes capital away from defensive CHF into risk assets, weakening USD/CHF.",0.82,hypothesis,system-haiku
USDCHF,US Dollar / Swiss Franc,forex,ECB rate hikes,"{""eurozone tightening"",""ECB hawkish stance"",""euro rates rising""}",positive,bearish,"ECB tightening improves EUR/CHF carry trades and reduces EU crisis premium, lowering CHF safe-haven demand and weakening USD/CHF as capital flows to EUR.",0.80,hypothesis,system-haiku
USDCHF,US Dollar / Swiss Franc,forex,Fed rate cut signals,"{""US monetary easing"",""Fed dovish pivot"",""lower US rates expected""}",negative,bullish,"Fed rate cut expectations strengthen safe-haven CHF as lower US yields reduce carry appeal; USD weakens relative to defensive CHF, pushing USD/CHF higher.",0.78,hypothesis,system-haiku
USDCHF,US Dollar / Swiss Franc,forex,Swiss franc weakness,"{""CHF depreciation"",""franc selling pressure"",""CHF underperformance""}",negative,bullish,"Temporary CHF weakness often triggers SNB jawboning or intervention to support the currency, creating upward momentum that reverses initial weakness in USD/CHF.",0.75,hypothesis,system-haiku
USDJPY,US Dollar / Japanese Yen,forex,risk-off,{},negative,bearish,"Risk-off flows into yen (safe haven), USD/JPY falls",0.80,active,human
USDJPY,US Dollar / Japanese Yen,forex,BOJ tightening,{},positive,bearish,Narrowing rate differential weakens USD vs JPY,0.80,active,human
USDJPY,US Dollar / Japanese Yen,forex,carry trade unwind,{},negative,bearish,Unwinding yen carry = buying yen = USD/JPY falls,0.80,active,human
USDJPY,US Dollar / Japanese Yen,forex,BOJ yield target raise,"{""BOJ lifts YCC band"",""BOJ policy normalization""}",positive,bearish,BOJ raising yield targets signals the end of ultra-loose policy and yen strength ahead; markets front-run yen appreciation before the rate differential actually widens.,0.81,hypothesis,system-haiku
USDJPY,US Dollar / Japanese Yen,forex,US inflation surge,"{""higher US CPI"",""US price pressures rise""}",positive,bearish,"High US inflation forces Fed to pause or cut rates sooner to avoid recession, narrowing the US-Japan rate differential and weakening USD/JPY.",0.78,hypothesis,system-haiku
USDJPY,US Dollar / Japanese Yen,forex,US recession fears,"{""US economic slowdown"",""US growth concerns""}",negative,bullish,"Recession fears in the US trigger safe-haven flows into yen AND force the Fed to pivot dovish faster than the BOJ, widening the rate differential in USD's favor.",0.75,hypothesis,system-haiku
USDJPY,US Dollar / Japanese Yen,forex,Japanese export strength,"{""Japan trade surplus widens"",""Japanese manufacturing boom""}",positive,bearish,"Strong Japanese exports indicate yen weakness was the driver; exporters and BOJ see less need for weak yen, triggering policy normalization expectations and yen appreciation.",0.72,hypothesis,system-haiku
WHEAT,Wheat (ZW — CBOT),agricultural,Black Sea corridor,{},positive,bearish,Export corridor open = more supply reaching market,0.80,active,human
WHEAT,Wheat (ZW — CBOT),agricultural,Russia export ban,{},negative,bullish,Russia is world's largest wheat exporter — ban tightens supply,0.80,active,human
WHEAT,Wheat (ZW — CBOT),agricultural,large global harvest,"{""record wheat production"",""bumper crop worldwide"",""abundant global supply""}",positive,bearish,"Oversupply from large harvests depresses prices as global inventory swells, outweighing any demand benefits.",0.92,hypothesis,system-haiku
WHEAT,Wheat (ZW — CBOT),agricultural,rising fertilizer costs,"{""higher input prices"",""expensive nitrogen prices"",""elevated production costs""}",negative,bullish,"Higher fertilizer costs reduce farmer plantings and yields, constraining supply and supporting prices.",0.88,hypothesis,system-haiku
WHEAT,Wheat (ZW — CBOT),agricultural,improved crop conditions,"{""favorable weather outlook"",""better soil moisture"",""optimal growing conditions""}",positive,bearish,"Better conditions increase yield expectations and planting intentions, raising supply forecasts that pressure prices lower.",0.87,hypothesis,system-haiku
WHEAT,Wheat (ZW — CBOT),agricultural,weak US dollar,"{""declining dollar strength"",""USD depreciation"",""lower dollar index""}",negative,bearish,"Weak dollar makes US wheat less competitive for foreign buyers despite lower USD prices, reducing export demand.",0.85,hypothesis,system-haiku
WHEAT,Wheat (ZW — CBOT),agricultural,food inflation decline,"{""falling food prices"",""lower inflation expectations"",""softening food CPI""}",positive,bearish,"Falling food inflation signals weak demand and oversupply in grain markets, pushing wheat prices down.",0.83,hypothesis,system-haiku
